{
  "scratch": {
    "embedding_dim": 100,
    "vocab_size": 2309,
    "models": {
      "original": {
        "imdb_test": {
          "loss": 0.6060445308685303,
          "accuracy": 0.6800000071525574,
          "details": {
            "accuracy": 0.68,
            "confusion_matrix": [
              [
                31,
                5
              ],
              [
                19,
                20
              ]
            ],
            "report": {
              "neg": {
                "precision": 0.62,
                "recall": 0.8611111111111112,
                "f1-score": 0.7209302325581395,
                "support": 36.0
              },
              "pos": {
                "precision": 0.8,
                "recall": 0.5128205128205128,
                "f1-score": 0.625,
                "support": 39.0
              },
              "accuracy": 0.68,
              "macro avg": {
                "precision": 0.71,
                "recall": 0.686965811965812,
                "f1-score": 0.6729651162790697,
                "support": 75.0
              },
              "weighted avg": {
                "precision": 0.7136,
                "recall": 0.68,
                "f1-score": 0.671046511627907,
                "support": 75.0
              }
            }
          }
        },
        "tripadvisor": {
          "loss": 0.5608174800872803,
          "accuracy": 0.8050000071525574,
          "details": {
            "accuracy": 0.805,
            "confusion_matrix": [
              [
                31,
                340
              ],
              [
                50,
                1579
              ]
            ],
            "report": {
              "neg": {
                "precision": 0.38271604938271603,
                "recall": 0.08355795148247978,
                "f1-score": 0.13716814159292035,
                "support": 371.0
              },
              "pos": {
                "precision": 0.8228243877019281,
                "recall": 0.9693063228974831,
                "f1-score": 0.8900789177001127,
                "support": 1629.0
              },
              "accuracy": 0.805,
              "macro avg": {
                "precision": 0.602770218542322,
                "recall": 0.5264321371899814,
                "f1-score": 0.5136235296465166,
                "support": 2000.0
              },
              "weighted avg": {
                "precision": 0.7411842909437144,
                "recall": 0.805,
                "f1-score": 0.7504139687322285,
                "support": 2000.0
              }
            }
          }
        },
        "model_file": "original_cnn_scratch.keras",
        "maxlen": 50
      },
      "improved": {
        "imdb_test": {
          "loss": 0.3683580756187439,
          "accuracy": 0.8399999737739563,
          "details": {
            "accuracy": 0.84,
            "confusion_matrix": [
              [
                31,
                5
              ],
              [
                7,
                32
              ]
            ],
            "report": {
              "neg": {
                "precision": 0.8157894736842105,
                "recall": 0.8611111111111112,
                "f1-score": 0.8378378378378378,
                "support": 36.0
              },
              "pos": {
                "precision": 0.8648648648648649,
                "recall": 0.8205128205128205,
                "f1-score": 0.8421052631578947,
                "support": 39.0
              },
              "accuracy": 0.84,
              "macro avg": {
                "precision": 0.8403271692745378,
                "recall": 0.8408119658119658,
                "f1-score": 0.8399715504978662,
                "support": 75.0
              },
              "weighted avg": {
                "precision": 0.8413086770981508,
                "recall": 0.84,
                "f1-score": 0.8400568990042674,
                "support": 75.0
              }
            }
          }
        },
        "tripadvisor": {
          "loss": 0.4294453263282776,
          "accuracy": 0.8109999895095825,
          "details": {
            "accuracy": 0.811,
            "confusion_matrix": [
              [
                102,
                269
              ],
              [
                109,
                1520
              ]
            ],
            "report": {
              "neg": {
                "precision": 0.4834123222748815,
                "recall": 0.2749326145552561,
                "f1-score": 0.35051546391752575,
                "support": 371.0
              },
              "pos": {
                "precision": 0.8496366685299049,
                "recall": 0.9330877839165131,
                "f1-score": 0.8894090111176126,
                "support": 1629.0
              },
              "accuracy": 0.811,
              "macro avg": {
                "precision": 0.6665244954023932,
                "recall": 0.6040101992358846,
                "f1-score": 0.6199622375175692,
                "support": 2000.0
              },
              "weighted avg": {
                "precision": 0.7817020522995981,
                "recall": 0.811,
                "f1-score": 0.7894442581119965,
                "support": 2000.0
              }
            }
          }
        },
        "model_file": "improved_cnn_scratch.keras",
        "maxlen": 100
      }
    }
  },
  "glove": {
    "embedding_dim": 100,
    "vocab_size": 2309,
    "models": {
      "original": {
        "imdb_test": {
          "loss": 0.526403546333313,
          "accuracy": 0.7733333110809326,
          "details": {
            "accuracy": 0.7733333333333333,
            "confusion_matrix": [
              [
                26,
                10
              ],
              [
                7,
                32
              ]
            ],
            "report": {
              "neg": {
                "precision": 0.7878787878787878,
                "recall": 0.7222222222222222,
                "f1-score": 0.7536231884057971,
                "support": 36.0
              },
              "pos": {
                "precision": 0.7619047619047619,
                "recall": 0.8205128205128205,
                "f1-score": 0.7901234567901234,
                "support": 39.0
              },
              "accuracy": 0.7733333333333333,
              "macro avg": {
                "precision": 0.7748917748917749,
                "recall": 0.7713675213675213,
                "f1-score": 0.7718733225979603,
                "support": 75.0
              },
              "weighted avg": {
                "precision": 0.7743722943722944,
                "recall": 0.7733333333333333,
                "f1-score": 0.7726033279656468,
                "support": 75.0
              }
            }
          }
        },
        "tripadvisor": {
          "loss": 1.3725851774215698,
          "accuracy": 0.8169999718666077,
          "details": {
            "accuracy": 0.817,
            "confusion_matrix": [
              [
                14,
                357
              ],
              [
                9,
                1620
              ]
            ],
            "report": {
              "neg": {
                "precision": 0.6086956521739131,
                "recall": 0.03773584905660377,
                "f1-score": 0.07106598984771574,
                "support": 371.0
              },
              "pos": {
                "precision": 0.8194233687405159,
                "recall": 0.994475138121547,
                "f1-score": 0.8985024958402662,
                "support": 1629.0
              },
              "accuracy": 0.817,
              "macro avg": {
                "precision": 0.7140595104572145,
                "recall": 0.5161054935890754,
                "f1-score": 0.48478424284399096,
                "support": 2000.0
              },